{
    "PEModules": [],
    "cycles_program_begin": 26968414883565256,
    "perf": [
        [
            0.158905029296875,
            0.038323999999999997,
            0.047905999999999997,
            228504,
            229304,
            1609277163.7357121,
            26968415213854430,
            "doParsingAndDesignResolution",
            "entry"
        ],
        [
            0.18324089050292969,
            0.056376000000000002,
            0.052488,
            231048,
            231696,
            1609277163.7600479,
            26968415272167574,
            "doParsingAndDesignResolution",
            "exit"
        ],
        [
            0.18981003761291504,
            0.056995999999999998,
            0.054098,
            231048,
            231696,
            1609277163.7666171,
            26968415287909968,
            "doPostDesignResolutionToVir2Vcs",
            "entry"
        ],
        [
            0.22263193130493164,
            0.074418999999999999,
            0.059730999999999999,
            235728,
            235732,
            1609277163.799439,
            26968415366634892,
            "doUptoVir2VcsNoSepCleanup",
            "entry"
        ],
        [
            0.33160591125488281,
            0.12778800000000001,
            0.081587000000000007,
            232344,
            246416,
            1609277163.9084129,
            26968415627908773,
            "doUptoVir2VcsNoSepCleanup",
            "exit"
        ],
        [
            0.33174395561218262,
            0.12778800000000001,
            0.081726999999999994,
            232344,
            246416,
            1609277163.908551,
            26968415628144429,
            "doRadify_vir2vcsAll",
            "entry"
        ],
        [
            0.35804104804992676,
            0.14951999999999999,
            0.084166000000000005,
            235472,
            246416,
            1609277163.9348481,
            26968415691196786,
            "doRadify_vir2vcsAll",
            "exit"
        ],
        [
            0.35809707641601562,
            0.149557,
            0.084186999999999998,
            235472,
            246416,
            1609277163.9349041,
            26968415691297846,
            "doPostDesignResolutionToVir2Vcs",
            "exit"
        ],
        [
            0.35813808441162109,
            0.14958299999999999,
            0.084201999999999999,
            235472,
            246416,
            1609277163.9349451,
            26968415691391096,
            "doGAToPass2",
            "entry"
        ],
        [
            0.40042805671691895,
            0.15048800000000001,
            0.089105000000000004,
            233916,
            246416,
            1609277163.9772351,
            26968415792808750,
            "DoPass2",
            "entry"
        ],
        [
            0.62888002395629883,
            0.32556200000000002,
            0.113195,
            244060,
            246416,
            1609277164.205687,
            26968416340571898,
            "DoPass2",
            "exit"
        ]
    ],
    "MlibObjs": {},
    "CompileStrategy": "fullobj",
    "CurCompileModules": [
        "...MASTER...",
        "...MASTER...",
        "std",
        "testbench",
        "testbench",
        "BC_FIR_1",
        "BC_FIR_1",
        "in_ctrl_0000",
        "in_ctrl_0000",
        "in_ctrl_SC",
        "in_ctrl_SC",
        "in_ctrl_1_0000",
        "in_ctrl_1_0000",
        "in_ctrl_1_SC",
        "in_ctrl_1_SC",
        "in_ctrl_1_SC_2",
        "in_ctrl_1_SC_2",
        "in_ctrl_2_0000",
        "in_ctrl_2_0000",
        "in_ctrl_2_SC",
        "in_ctrl_2_SC",
        "in_ctrl_4_0000",
        "in_ctrl_4_0000",
        "in_ctrl_4_SC",
        "in_ctrl_4_SC"
    ],
    "rlimit": {
        "data": -1,
        "stack": -1
    },
    "incremental": "on",
    "SIMBData": {
        "out": "amcQwB.o",
        "text": 0,
        "bytes": 100246,
        "archive": "archive.1/_32411_archive_1.a"
    },
    "PrevCompiledModules": {
        "seq_CLKGATE_X2": {
            "seq_CLKGATE_X2": {
                "bytes": 0,
                "mod": "seq_CLKGATE_X2",
                "out": "objs/udps/TtP1m.o",
                "mode": 4
            }
        },
        "seq_SDFFR_X2": {
            "seq_SDFFR_X2": {
                "bytes": 0,
                "mod": "seq_SDFFR_X2",
                "out": "objs/udps/IAPS0.o",
                "mode": 4
            }
        },
        "seq_CLKGATETST_X8": {
            "seq_CLKGATETST_X8": {
                "bytes": 0,
                "mod": "seq_CLKGATETST_X8",
                "out": "objs/udps/b1HMI.o",
                "mode": 4
            }
        },
        "seq_DFF_X2": {
            "seq_DFF_X2": {
                "bytes": 0,
                "mod": "seq_DFF_X2",
                "out": "objs/udps/GUwfU.o",
                "mode": 4
            }
        },
        "std": {
            "reYIK_d": {
                "bytes": 33820,
                "mod": "std",
                "out": "reYIK_d.o",
                "mode": 4,
                "checksum": 0,
                "archive": "archive.1/_prev_archive_1.a"
            }
        },
        "seq_CLKGATETST_X4": {
            "seq_CLKGATETST_X4": {
                "bytes": 0,
                "mod": "seq_CLKGATETST_X4",
                "out": "objs/udps/xbI2P.o",
                "mode": 4
            }
        },
        "seq_CLKGATETST_X2": {
            "seq_CLKGATETST_X2": {
                "bytes": 0,
                "mod": "seq_CLKGATETST_X2",
                "out": "objs/udps/LUUB2.o",
                "mode": 4
            }
        },
        "seq_DFF_X1": {
            "seq_DFF_X1": {
                "bytes": 0,
                "mod": "seq_DFF_X1",
                "out": "objs/udps/dnrsM.o",
                "mode": 4
            }
        },
        "seq_DLL_X1": {
            "seq_DLL_X1": {
                "bytes": 0,
                "mod": "seq_DLL_X1",
                "out": "objs/udps/TxnM0.o",
                "mode": 4
            }
        },
        "seq_SDFFRS_X1": {
            "seq_SDFFRS_X1": {
                "bytes": 0,
                "mod": "seq_SDFFRS_X1",
                "out": "objs/udps/CI3nG.o",
                "mode": 4
            }
        },
        "seq_SDFF_X1": {
            "seq_SDFF_X1": {
                "bytes": 0,
                "mod": "seq_SDFF_X1",
                "out": "objs/udps/U3y5c.o",
                "mode": 4
            }
        },
        "seq_SDFF_X2": {
            "seq_SDFF_X2": {
                "bytes": 0,
                "mod": "seq_SDFF_X2",
                "out": "objs/udps/ybMuj.o",
                "mode": 4
            }
        },
        "seq_SDFFRS_X2": {
            "seq_SDFFRS_X2": {
                "bytes": 0,
                "mod": "seq_SDFFRS_X2",
                "out": "objs/udps/eAL5P.o",
                "mode": 4
            }
        },
        "seq_DFFS_X2": {
            "seq_DFFS_X2": {
                "bytes": 0,
                "mod": "seq_DFFS_X2",
                "out": "objs/udps/Ka3iY.o",
                "mode": 4
            }
        },
        "seq_DLL_X2": {
            "seq_DLL_X2": {
                "bytes": 0,
                "mod": "seq_DLL_X2",
                "out": "objs/udps/raLFp.o",
                "mode": 4
            }
        },
        "seq_CLKGATETST_X1": {
            "seq_CLKGATETST_X1": {
                "bytes": 0,
                "mod": "seq_CLKGATETST_X1",
                "out": "objs/udps/T7p0B.o",
                "mode": 4
            }
        },
        "seq_SDFFR_X1": {
            "seq_SDFFR_X1": {
                "bytes": 0,
                "mod": "seq_SDFFR_X1",
                "out": "objs/udps/rkFjN.o",
                "mode": 4
            }
        },
        "testbench": {
            "iAVhC_d": {
                "bytes": 923728,
                "mod": "testbench",