{
    "cycles_program_begin": 13537009157198384,
    "CurCompileModules": [
        "...MASTER...",
        "...MASTER...",
        "_vcs_unit__3152632148",
        "_vcs_unit__3152632148",
        "std",
        "std",
        "testbench",
        "testbench",
        "in_ctrl_0000",
        "in_ctrl_0000",
        "HWA_0000",
        "HWA_0000"
    ],
    "rlimit": {
        "data": -1,
        "stack": -1
    },
    "cpu_cycles_pass2_start": 13537010843012022,
    "PEModules": [],
    "CompileStrategy": "fullobj",
    "perf": [
        [
            0.20391297340393066,
            0.080163999999999999,
            0.041604000000000002,
            228500,
            229300,
            1605067329.44858,
            13537009541718606,
            "doParsingAndDesignResolution",
            "entry"
        ],
        [
            0.31417083740234375,
            0.099453,
            0.048218999999999998,
            229920,
            230568,
            1605067329.5588379,
            13537009783705152,
            "doParsingAndDesignResolution",
            "exit"
        ],
        [
            0.34808492660522461,
            0.10274899999999999,
            0.049360000000000001,
            230080,
            230568,
            1605067329.592752,
            13537009858181422,
            "doPostDesignResolutionToVir2Vcs",
            "entry"
        ],
        [
            0.43074798583984375,
            0.11347500000000001,
            0.055231000000000002,
            235176,
            235180,
            1605067329.675415,
            13537010039561536,
            "doUptoVir2VcsNoSepCleanup",
            "entry"
        ],
        [
            0.52817702293395996,
            0.15814800000000001,
            0.079074000000000005,
            245568,
            245576,
            1605067329.7728441,
            13537010253436072,
            "doUptoVir2VcsNoSepCleanup",
            "exit"
        ],
        [
            0.52840304374694824,
            0.15829799999999999,
            0.079148999999999997,
            245568,
            245576,
            1605067329.7730701,
            13537010253863780,
            "doRadify_vir2vcsAll",
            "entry"
        ],
        [
            0.69622397422790527,
            0.20950099999999999,
            0.081805000000000003,
            245568,
            245576,
            1605067329.940891,
            13537010622247314,
            "doRadify_vir2vcsAll",
            "exit"
        ],
        [
            0.6963050365447998,
            0.209559,
            0.081827999999999998,
            245568,
            245576,
            1605067329.9409721,
            13537010622358500,
            "doPostDesignResolutionToVir2Vcs",
            "exit"
        ],
        [
            0.69635295867919922,
            0.209594,
            0.081840999999999997,
            245568,
            245576,
            1605067329.94102,
            13537010622458650,
            "doGAToPass2",
            "entry"
        ],
        [
            0.79679298400878906,
            0.21171100000000001,
            0.087708999999999995,
            244012,
            245576,
            1605067330.04146,
            13537010842976506,
            "DoPass2",
            "entry"
        ],
        [
            1.0474958419799805,
            0.30902400000000002,
            0.11724999999999999,
            245992,
            246020,
            1605067330.2921629,
            13537011393200696,
            "DoPass2",
            "exit"
        ]
    ],
    "Misc": {
        "vcs_version": "N-2017.12-SP2-1_Full64",
        "daidir": "/afs/umich.edu/user/s/u/sunsusan/Desktop/SC_FIR_hardware_syn/simv.daidir",
        "vcs_build_date": "Build Date = Jul 14 2018 20:29:59",
        "master_pid": 15037,
        "csrc_abs": "/afs/umich.edu/user/s/u/sunsusan/Desktop/SC_FIR_hardware_syn/csrc",
        "VCS_HOME": "/usr/caen/vcs-2017.12-SP2-1",
        "cwd": "/afs/umich.edu/user/s/u/sunsusan/Desktop/SC_FIR_hardware_syn",
        "archive_dir": "archive.1",
        "csrc": "csrc",
        "daidir_abs": "/afs/umich.edu/user/s/u/sunsusan/Desktop/SC_FIR_hardware_syn/simv.daidir",
        "default_output_dir": "csrc"
    },
    "MlibObjs": {},
    "PrevCompiledModules": {
        "std": {
            "reYIK_d": {
                "mod": "std",
                "bytes": 33820,
                "out": "reYIK_d.o",
                "mode": 4,
                "checksum": 0,
                "archive": "archive.1/_15037_archive_1.a"
            }
        },
        "p_ff": {
            "p_ff": {
                "mod": "p_ff",
                "bytes": 0,
                "out": "objs/udps/F8ezs.o",
                "mode": 4
            }
        },
        "p_latch": {
            "p_latch": {
                "mod": "p_latch",
                "bytes": 0,
                "out": "objs/udps/guAtk.o",
                "mode": 4
            }
        },
        "p_rs": {
            "p_rs": {
                "mod": "p_rs",
                "bytes": 0,
                "out": "objs/udps/MzHq6.o",
                "mode": 4
            }
        },
        "p_sr": {
            "p_sr": {
                "mod": "p_sr",
                "bytes": 0,
                "out": "objs/udps/PjGxs.o",
                "mode": 4
            }
        },
        "p_ffr": {
            "p_ffr": {
                "mod": "p_ffr",
                "bytes": 0,
                "out": "objs/udps/GLrQJ.o",
                "mode": 4
            }
        },
        "p_latchs": {
            "p_latchs": {
                "mod": "p_latchs",
                "bytes": 0,
                "out": "objs/udps/aKVa7.o",
                "mode": 4
            }
        },
        "testbench": {
            "iAVhC_d": {
                "mod": "testbench",
                "bytes": 398990,
                "out": "iAVhC_d.o",
                "mode": 4,
                "checksum": 0,
                "archive": "archive.1/_15037_archive_1.a"
            }
        },
        "p_mux21": {
            "p_mux21": {
                "mod": "p_mux21",
                "bytes": 0,
                "out": "objs/udps/hUcmi.o",
                "mode": 4
            }
        },
        "...MASTER...": {
            "amcQw_d": {
                "mod": "...MASTER...",
                "bytes": 54200,
                "out": "objs/amcQw_d.o",
                "mode": 4,
                "checksum": 0
            }
        },
        "p_ffrs": {
            "p_ffrs": {
                "mod": "p_ffrs",
                "bytes": 0,
                "out": "objs/udps/dKp3B.o",
                "mode": 4
            }
        }
    },
    "CompileStatus": "Successful",
    "NameTable": {
        "...MASTER...": [
            "SIM",
            "amcQw",
            "module",
            385
        ],
        "_vcs_unit__3152632148": [
            "_vcs_unit__3152632148",
            "TUtr5",
            "module",
            394
        ],
        "std": [
            "std",
            "reYIK",
            "module",
            1
        ],
        "HWA_0000": [
            "HWA_0000",
            "mHdpT",
            "module",
            396
        ],
        "testbench": [
            "testbench",
            "iAVhC",
            "module",
            2
        ],
        "in_ctrl_0000": [
            "in_ctrl_0000",
            "iMSTb",
            "module",
            395
        ]
    },
    "LVLData": [
        "SIM"
    ],
    "CurCompileUdps": {},
    "stat": {
        "ru_self_cgstart": {
            "ru_utime_sec": 0.211811,
            "ru_stime_sec": 0.087749999999999995,
            "ru_nvcsw": 264,
            "ru_maxrss_kb": 72992,
            "ru_minflt": 28694,
            "ru_majflt": 3,
            "ru_nivcsw": 8
        },
        "cpu_cycles_total": 2288046258,
        "ru_childs_cgstart": {
            "ru_utime_sec": 0.021817,