{
    "CompileProcesses": [
        "cgproc.26239.json"
    ],
    "cycles_program_begin": 22376707707480430,
    "CurCompileUdps": {},
    "SIMBData": {
        "out": "amcQwB.o",
        "bytes": 98578,
        "text": 0,
        "archive": "archive.6/_26239_archive_1.a"
    },
    "NameTable": {
        "...MASTER...": [
            "SIM",
            "amcQw",
            "module",
            228
        ],
        "std": [
            "std",
            "reYIK",
            "module",
            1
        ],
        "testbench": [
            "testbench",
            "iAVhC",
            "module",
            2
        ],
        "BC_FIR_1": [
            "BC_FIR_1",
            "TbtRK",
            "module",
            91
        ],
        "BC_FIR": [
            "BC_FIR",
            "Lz0T7",
            "module",
            92
        ],
        "in_ctrl_0000": [
            "in_ctrl_0000",
            "iMSTb",
            "module",
            90
        ],
        "in_ctrl_2_0000": [
            "in_ctrl_2_0000",
            "aTrsQ",
            "module",
            88
        ],
        "in_ctrl_1_0000": [
            "in_ctrl_1_0000",
            "PrIZE",
            "module",
            89
        ],
        "in_ctrl_4_0000": [
            "in_ctrl_4_0000",
            "xAL3J",
            "module",
            87
        ]
    },
    "perf": [
        [
            0.16018104553222656,
            0.043303000000000001,
            0.044333999999999998,
            228504,
            229304,
            1609084965.827477,
            22376708006955850,
            "doParsingAndDesignResolution",
            "entry"
        ],
        [
            0.17778897285461426,
            0.057356999999999998,
            0.047114999999999997,
            230304,
            230952,
            1609084965.8450849,
            22376708045618266,
            "doParsingAndDesignResolution",
            "exit"
        ],
        [
            0.18264317512512207,
            0.058167000000000003,
            0.048982999999999999,
            230304,
            230952,
            1609084965.8499391,
            22376708056273840,
            "doPostDesignResolutionToVir2Vcs",
            "entry"
        ],
        [
            0.22930407524108887,
            0.069487999999999994,
            0.05416,
            235344,
            235348,
            1609084965.8966,
            22376708158665644,
            "doUptoVir2VcsNoSepCleanup",
            "entry"
        ],
        [
            0.58681607246398926,
            0.13052800000000001,
            0.074875999999999998,
            245876,
            245896,
            1609084966.254112,
            22376708943369714,
            "doUptoVir2VcsNoSepCleanup",
            "exit"
        ],
        [
            0.58697605133056641,
            0.130631,
            0.074935000000000002,
            245876,
            245896,
            1609084966.254272,
            22376708943670024,
            "doRadify_vir2vcsAll",
            "entry"
        ],
        [
            0.69812798500061035,
            0.151749,
            0.079438999999999996,
            245876,
            245896,
            1609084966.3654239,
            22376709187668972,
            "doRadify_vir2vcsAll",
            "exit"
        ],
        [
            0.69819903373718262,
            0.15179699999999999,
            0.079464000000000007,
            245876,
            245896,
            1609084966.365495,
            22376709187774730,
            "doPostDesignResolutionToVir2Vcs",
            "exit"
        ],
        [
            0.69824504852294922,
            0.15182699999999999,
            0.079479999999999995,
            245876,
            245896,
            1609084966.365541,
            22376709187872684,
            "doGAToPass2",
            "entry"
        ],
        [
            0.8466651439666748,
            0.152725,
            0.085526000000000005,
            244320,
            245896,
            1609084966.5139611,
            22376709513711468,
            "DoPass2",
            "entry"
        ],
        [
            1.3383071422576904,
            0.29023199999999999,
            0.11831700000000001,
            246304,
            246332,
            1609084967.0056031,
            22376710592818502,
            "DoPass2",
            "exit"
        ]
    ],
    "cpu_cycles_pass2_start": 22376709513758782,
    "MlibObjs": {},
    "stat": {
        "realTime": 1.3867170810699463,
        "ru_self_cgstart": {
            "ru_nivcsw": 7,
            "ru_utime_sec": 0.152725,
            "ru_majflt": 5,
            "ru_stime_sec": 0.085667999999999994,
            "ru_minflt": 26686,
            "ru_maxrss_kb": 73984,
            "ru_nvcsw": 321
        },
        "Frontend(%)": 54.624050555209145,
        "ru_childs_cgstart": {
            "ru_nivcsw": 7,
            "ru_utime_sec": 0.016348999999999999,
            "ru_majflt": 0,
            "ru_stime_sec": 0.02478,
            "ru_minflt": 6346,
            "ru_maxrss_kb": 23964,
            "ru_nvcsw": 40
        },
        "quadSpeed": 54717.370718196646,
        "nQuads": 7685,
        "cpu_cycles_cgstart": 22376709513860810,
        "nMops": 38989,
        "totalObjSize": 394950,
        "ru_self_end": {
            "ru_nivcsw": 45,
            "ru_utime_sec": 0.29236099999999998,
            "ru_majflt": 12,
            "ru_stime_sec": 0.13408300000000001,
            "ru_minflt": 30857,
            "ru_maxrss_kb": 83212,
            "ru_nvcsw": 535
        },
        "outputSizePerQuad": 51.392322706571242,
        "cpu_cycles_end": 22376710698690856,
        "peak_mem_kb": 246332,
        "ru_childs_end": {
            "ru_nivcsw": 9,
            "ru_utime_sec": 0.017162,
            "ru_majflt": 0,
            "ru_stime_sec": 0.028032000000000001,
            "ru_minflt": 6940,
            "ru_maxrss_kb": 24376,
            "ru_nvcsw": 42
        },
        "cpu_cycles_total": 2991210426,
        "mopSpeed": 277602.5461199439,
        "CodeGen(%)": 45.375949444790848,
        "mop/quad": 5.0733897202342222
    },
    "LVLData": [
        "SIM"
    ],
    "PrevCompiledModules": {
        "seq_CLKGATE_X1": {
            "seq_CLKGATE_X1": {
                "bytes": 0,
                "mode": 4,
                "mod": "seq_CLKGATE_X1",
                "out": "objs/udps/r1svH.o"
            }
        },
        "seq_DFF_X2": {
            "seq_DFF_X2": {
                "bytes": 0,
                "mode": 4,
                "mod": "seq_DFF_X2",
                "out": "objs/udps/GUwfU.o"
            }
        },
        "seq_SDFFRS_X2": {
            "seq_SDFFRS_X2": {
                "bytes": 0,
                "mode": 4,
                "mod": "seq_SDFFRS_X2",
                "out": "objs/udps/eAL5P.o"
            }
        },
        "seq_DFF_X1": {
            "seq_DFF_X1": {
                "bytes": 0,
                "mode": 4,
                "mod": "seq_DFF_X1",
                "out": "objs/udps/dnrsM.o"
            }
        },
        "seq_DFFR_X1": {
            "seq_DFFR_X1": {
                "bytes": 0,
                "mode": 4,
                "mod": "seq_DFFR_X1",
                "out": "objs/udps/fTq4m.o"
            }
        },
        "seq_SDFF_X1": {
            "seq_SDFF_X1": {
                "bytes": 0,
                "mode": 4,
                "mod": "seq_SDFF_X1",
                "out": "objs/udps/U3y5c.o"
            }
        },
        "seq_CLKGATE_X4": {
            "seq_CLKGATE_X4": {
                "bytes": 0,
                "mode": 4,
                "mod": "seq_CLKGATE_X4",
                "out": "objs/udps/yiFgW.o"
            }
        },
        "seq_SDFF_X2": {
            "seq_SDFF_X2": {
                "bytes": 0,
                "mode": 4,
                "mod": "seq_SDFF_X2",
                "out": "objs/udps/ybMuj.o"
            }
        },