{
    "Modules": {
        "...MASTER...": {
            "child_modules": {
                "testbench": 1,
                "std": 1
            },
            "start_perf": [
                0.2711799144744873,
                0.067185999999999996,
                0.062920000000000004,
                231316,
                243588,
                1603139678.5455539,
                12261587951399938
            ],
            "nRouts": 5,
            "nQuads": 0,
            "end_perf": [
                0.28387689590454102,
                0.067973000000000006,
                0.067973000000000006,
                232800,
                243588,
                12261587981861724,
                0,
                0
            ],
            "nMops": 0
        },
        "testbench": {
            "child_modules": {},
            "Compiled": "Yes",
            "start_perf": [
                0.28835391998291016,
                0.070211999999999997,
                0.070211999999999997,
                232800,
                243588,
                1603139678.5627279,
                12261587992598594
            ],
            "nRouts": 77,
            "Compiled Times": 4,
            "end_perf": [
                0.31610989570617676,
                0.088895000000000002,
                0.074590000000000004,
                237804,
                243588,
                12261588059138352,
                21474836481,
                0
            ],
            "nQuads": 442,
            "significant_routs": [
                [
                    59,
                    "R_VCSgd_iAVhC_3b",
                    6920714,
                    1084,
                    172
                ]
            ],
            "nMops": 1050
        },
        "std": {
            "child_modules": {},
            "Compiled": "Yes",
            "start_perf": [
                0.28404808044433594,
                0.068051,
                0.068051,
                232800,
                243588,
                1603139678.5584221,
                12261587982286714
            ],
            "nRouts": 33,
            "Compiled Times": 4,
            "end_perf": [
                0.2882850170135498,
                0.070177000000000003,
                0.070177000000000003,
                232800,
                243588,
                12261587992416604,
                8589934594,
                0
            ],
            "nQuads": 213,
            "svclass": [
                "$vcs_nba_dyn_obj",
                0,
                37,
                2,
                2,
                0,
                "sigprop$$",
                0,
                37,
                2,
                2,
                0,
                "process",
                0,
                184,
                8,
                8,
                0,
                "event",
                0,
                36,
                2,
                2,
                0,
                "mailbox",
                0,
                99,
                9,
                9,
                0,
                "semaphore",
                0,
                69,
                5,
                5,
                0
            ],
            "nMops": 462
        }
    },
    "CompUnits": {
        "iAVhC_d": {
            "mod": "testbench",
            "mode": 4,
            "text": 7758,
            "out": "iAVhC_d.o",
            "bytes": 24490,
            "checksum": 0,
            "archive": "archive.3/_26970_archive_1.a"
        }
    },
    "reusePaths": {
        "amcQw_d": {
            "icPath": "csrc"
        },
        "reYIK_d": {
            "icPath": "csrc"
        }
    },
    "ObjArchives": [
        {
            "archive": "archive.3/_26970_archive_1.a",
            "objects": [
                [
                    "iAVhC_d.o",
                    24490
                ],
                [
                    "amcQwB.o",
                    67086
                ]
            ],
            "size": 91576
        }
    ],
    "stat": {
        "ru_self_end": {
            "ru_utime_sec": 0.091521000000000005,
            "ru_minflt": 28398,
            "ru_stime_sec": 0.082266000000000006,
            "ru_maxrss_kb": 74048,
            "ru_majflt": 6,
            "ru_nvcsw": 184,
            "ru_nivcsw": 5
        },
        "peak_mem_kb": 243588,
        "ru_childs_end": {
            "ru_utime_sec": 0.011410999999999999,
            "ru_minflt": 6933,
            "ru_stime_sec": 0.026297999999999998,
            "ru_maxrss_kb": 17404,
            "ru_majflt": 0,
            "ru_nvcsw": 19,
            "ru_nivcsw": 9
        },
        "cpu_cycles_end": 12261588105615622
    }
}