{
    "Modules": {
        "...MASTER...": {
            "nMops": 0,
            "start_perf": [
                0.84695601463317871,
                0.152725,
                0.085818000000000005,
                244320,
                245896,
                1609084966.5142519,
                22376709514284320
            ],
            "child_modules": {
                "std": 1,
                "testbench": 1
            },
            "nQuads": 0,
            "end_perf": [
                0.91345810890197754,
                0.15758800000000001,
                0.090485999999999997,
                245312,
                245896,
                22376709660273412,
                0,
                0
            ],
            "nRouts": 5
        },
        "std": {
            "nMops": 472,
            "start_perf": [
                0.91365599632263184,
                0.15771499999999999,
                0.090559000000000001,
                245312,
                245896,
                1609084966.5809519,
                22376709660718066
            ],
            "Compiled": "Yes",
            "child_modules": {},
            "Compiled Times": 7,
            "nQuads": 218,
            "end_perf": [
                1.0768611431121826,
                0.162776,
                0.094613000000000003,
                245332,
                245896,
                22376710018926642,
                8589934594,
                0
            ],
            "svclass": [
                "$vcs_nba_dyn_obj",
                0,
                37,
                2,
                2,
                0,
                "sigprop$$",
                0,
                37,
                2,
                2,
                0,
                "process",
                0,
                184,
                8,
                8,
                0,
                "event",
                0,
                36,
                2,
                2,
                0,
                "mailbox",
                0,
                107,
                9,
                9,
                0,
                "semaphore",
                0,
                71,
                5,
                5,
                0
            ],
            "nRouts": 33
        },
        "testbench": {
            "nMops": 18620,
            "start_perf": [
                1.0769510269165039,
                0.16283300000000001,
                0.094646999999999995,
                245332,
                245896,
                1609084966.744247,
                22376710019082384
            ],
            "Compiled": "Yes",
            "child_modules": {
                "in_ctrl_4_0000": 2,
                "BC_FIR": 1,
                "BC_FIR_1": 6,
                "in_ctrl_0000": 1,
                "in_ctrl_2_0000": 2,
                "in_ctrl_1_0000": 2
            },
            "significant_routs": [
                [
                    26,
                    "R_VCSgd_iAVhC_1a",
                    11302690,
                    14486,
                    2358
                ]
            ],
            "Compiled Times": 7,
            "nQuads": 3410,
            "end_perf": [
                1.1484091281890869,
                0.21252299999999999,
                0.102702,
                246308,
                246312,
                22376710175954052,
                12884901889,
                0
            ],
            "nRouts": 148
        },
        "BC_FIR_1": {
            "nMops": 683,
            "Compiled": "Yes",
            "start_perf": [
                1.1629800796508789,
                0.21857199999999999,
                0.104711,
                246308,
                246332,
                1609084966.830276,
                22376710207913200
            ],
            "child_modules": {},
            "Compiled Times": 1,
            "nQuads": 138,
            "end_perf": [
                1.1678509712219238,
                0.223442,
                0.104711,
                246308,
                246332,
                22376710218613302,
                25769803777,
                0
            ],
            "nRouts": 14
        },
        "BC_FIR": {
            "nMops": 896,
            "start_perf": [
                1.1484870910644531,
                0.21257699999999999,
                0.102728,
                246308,
                246312,
                1609084966.815783,
                22376710176084082
            ],
            "Compiled": "Yes",
            "child_modules": {},
            "significant_routs": [
                [
                    2,
                    "R_VCSgd_Lz0T7_2",
                    16481812,
                    3807,
                    812
                ]
            ],
            "Compiled Times": 1,
            "nQuads": 229,
            "end_perf": [
                1.1629049777984619,
                0.21852099999999999,
                0.104686,
                246308,
                246332,
                22376710207771920,
                21474836481,
                0
            ],
            "nRouts": 16
        },
        "in_ctrl_0000": {
            "nMops": 6513,
            "start_perf": [
                1.1679191589355469,
                0.22351099999999999,
                0.104711,
                246308,
                246332,
                1609084966.8352151,
                22376710218769266
            ],
            "Compiled": "Yes",
            "child_modules": {},
            "significant_routs": [
                [
                    3,
                    "R_VCSgd_iMSTb_3",
                    41314582,
                    26334,
                    6352
                ],
                [
                    10,
                    "R_VCSgd_iMSTb_a",
                    25505810,
                    101,
                    8
                ]
            ],
            "Compiled Times": 1,
            "nQuads": 1308,
            "end_perf": [
                1.2071211338043213,
                0.248305,
                0.10743,
                246308,
                246332,
                22376710304811468,
                30064771073,
                0
            ],
            "nRouts": 25
        },
        "in_ctrl_2_0000": {
            "nMops": 3539,
            "start_perf": [
                1.2175581455230713,
                0.257633,
                0.10853,
                246308,
                246332,
                1609084966.8848541,
                22376710327682324
            ],
            "Compiled": "Yes",
            "child_modules": {},
            "significant_routs": [
                [
                    3,
                    "R_VCSgd_aTrsQ_3",
                    16848486,
                    14017,
                    3414
                ]
            ],
            "Compiled Times": 1,
            "nQuads": 716,
            "end_perf": [
                1.2308430671691895,
                0.26915,
                0.110291,
                246308,
                246332,
                22376710356879868,
                38654705665,
                0
            ],
            "nRouts": 16
        },
        "in_ctrl_1_0000": {
            "nMops": 2387,
            "start_perf": [
                1.2071950435638428,
                0.248358,
                0.10745300000000001,
                246308,
                246332,
                1609084966.874491,
                22376710304939182
            ],
            "Compiled": "Yes",
            "child_modules": {},
            "significant_routs": [
                [
                    3,
                    "R_VCSgd_PrIZE_3",
                    10963894,
                    9989,
                    2248
                ]
            ],
            "Compiled Times": 1,
            "nQuads": 482,